SampleID,Animal,Fossil,Common_name,Order,Family,Species,Location,PopID,Date,Year,Data_set,Mass,Length,Sex,Age,Maturity,d13Coto,d18Ooto,d18Ow,d13CDIC,d13Cdiet
AABA 002,Fish,N,Ballan,Labriformes,Labridae,Labrus_bergylta,Skye,LB_Skye,09/02/2024,2024,Wrasse,56.92877806,15,NA,NA,NA,-5.19,1.07,0,-1,-17.11
AABA 004,Fish,N,Ballan,Labriformes,Labridae,Labrus_bergylta,Skye,LB_Skye,09/02/2024,2024,Wrasse,76.5328473,16.5,NA,NA,NA,-5.21,1.25,0,-1,-17.11
AABA 005,Fish,N,Ballan,Labriformes,Labridae,Labrus_bergylta,Skye,LB_Skye,09/02/2024,2024,Wrasse,56.92877806,15,NA,NA,NA,-4.68,0.89,0,-1,-17.11
AABA 006,Fish,N,Ballan,Labriformes,Labridae,Labrus_bergylta,Skye,LB_Skye,09/02/2024,2024,Wrasse,139.0726248,20,NA,NA,NA,-5.03,1.58,0,-1,-17.11
AABA 007,Fish,N,Ballan,Labriformes,Labridae,Labrus_bergylta,Skye,LB_Skye,09/02/2024,2024,Wrasse,353.1034297,27,NA,NA,NA,-3.81,1.52,0,-1,-17.11
AABA 009,Fish,N,Ballan,Labriformes,Labridae,Labrus_bergylta,Skye,LB_Skye,09/02/2024,2024,Wrasse,261.1479252,24.5,NA,NA,NA,-3.77,1.37,0,-1,-17.11
AABA 011,Fish,N,Ballan,Labriformes,Labridae,Labrus_bergylta,Skye,LB_Skye,09/02/2024,2024,Wrasse,174.0839175,21.5,NA,NA,NA,-4.24,1.36,0,-1,-17.11
AABA 013,Fish,N,Ballan,Labriformes,Labridae,Labrus_bergylta,Skye,LB_Skye,09/02/2024,2024,Wrasse,161.8192512,21,NA,NA,NA,-3.91,1.69,0,-1,-17.11
AABA 015,Fish,N,Ballan,Labriformes,Labridae,Labrus_bergylta,Skye,LB_Skye,09/02/2024,2024,Wrasse,214.6329063,23,NA,NA,NA,-3.95,1.61,0,-1,-17.11
AABA 023,Fish,N,Ballan,Labriformes,Labridae,Labrus_bergylta,Skye,LB_Skye,09/02/2024,2024,Wrasse,174.0839175,21.5,NA,NA,NA,-3.88,1.72,0,-1,-17.11
AABA 024,Fish,N,Ballan,Labriformes,Labridae,Labrus_bergylta,Skye,LB_Skye,09/02/2024,2024,Wrasse,278.0531759,25,NA,NA,NA,-2.01,1.6,0,-1,-17.11
AABA 027,Fish,N,Ballan,Labriformes,Labridae,Labrus_bergylta,Skye,LB_Skye,09/02/2024,2024,Wrasse,395.3119807,28,NA,NA,NA,-3.67,1.44,0,-1,-17.11
AABA 029,Fish,N,Ballan,Labriformes,Labridae,Labrus_bergylta,Skye,LB_Skye,09/02/2024,2024,Wrasse,395.3119807,28,NA,NA,NA,-3.68,1.71,0,-1,-17.11
AABA 030,Fish,N,Ballan,Labriformes,Labridae,Labrus_bergylta,Skye,LB_Skye,09/02/2024,2024,Wrasse,353.1034297,27,NA,NA,NA,-2.9,1.58,0,-1,-17.11
AABA 032,Fish,N,Ballan,Labriformes,Labridae,Labrus_bergylta,Skye,LB_Skye,09/02/2024,2024,Wrasse,161.8192512,21,NA,NA,NA,-3.86,1.55,0,-1,-17.11
AABA 034,Fish,N,Ballan,Labriformes,Labridae,Labrus_bergylta,Skye,LB_Skye,09/02/2024,2024,Wrasse,244.9534633,24,NA,NA,NA,-3.56,1.61,0,-1,-17.11
AABA 035,Fish,N,Ballan,Labriformes,Labridae,Labrus_bergylta,Skye,LB_Skye,09/02/2024,2024,Wrasse,83.96562636,17,NA,NA,NA,-4.17,1.13,0,-1,-17.11
AABA 036,Fish,N,Ballan,Labriformes,Labridae,Labrus_bergylta,Skye,LB_Skye,09/02/2024,2024,Wrasse,63.02974897,15.5,NA,NA,NA,-4.57,1.21,0,-1,-17.11
AABA 037,Fish,N,Ballan,Labriformes,Labridae,Labrus_bergylta,Skye,LB_Skye,09/02/2024,2024,Wrasse,56.92877806,15,NA,NA,NA,-4.87,1.26,0,-1,-17.11
AABA 039,Fish,N,Ballan,Labriformes,Labridae,Labrus_bergylta,Skye,LB_Skye,09/02/2024,2024,Wrasse,186.9638577,22,NA,NA,NA,-4.57,1.59,0,-1,-17.11
AABA 040,Fish,N,Ballan,Labriformes,Labridae,Labrus_bergylta,Skye,LB_Skye,09/02/2024,2024,Wrasse,186.9638577,22,NA,NA,NA,-3.61,1.5,0,-1,-17.11
AABA 041,Fish,N,Ballan,Labriformes,Labridae,Labrus_bergylta,Skye,LB_Skye,09/02/2024,2024,Wrasse,261.1479252,24.5,NA,NA,NA,-2.79,1.65,0,-1,-17.11
AABA 044,Fish,N,Ballan,Labriformes,Labridae,Labrus_bergylta,Skye,LB_Skye,09/02/2024,2024,Wrasse,161.8192512,21,NA,NA,NA,-3.79,1.27,0,-1,-17.11
AABA 045,Fish,N,Ballan,Labriformes,Labridae,Labrus_bergylta,Skye,LB_Skye,09/02/2024,2024,Wrasse,261.1479252,24.5,NA,NA,NA,-3.08,1.32,0,-1,-17.11
AABA 046,Fish,N,Ballan,Labriformes,Labridae,Labrus_bergylta,Skye,LB_Skye,09/02/2024,2024,Wrasse,186.9638577,22,NA,NA,NA,-4.22,1.61,0,-1,-17.11
AABA 050,Fish,N,Ballan,Labriformes,Labridae,Labrus_bergylta,Skye,LB_Skye,09/02/2024,2024,Wrasse,174.0839175,21.5,NA,NA,NA,-3.97,1.59,0,-1,-17.11
AABA 051,Fish,N,Ballan,Labriformes,Labridae,Labrus_bergylta,Skye,LB_Skye,09/02/2024,2024,Wrasse,139.0726248,20,NA,NA,NA,-3.98,1.2,0,-1,-17.11
AABA 062,Fish,N,Ballan,Labriformes,Labridae,Labrus_bergylta,Skye,LB_Skye,09/02/2024,2024,Wrasse,244.9534633,24,NA,NA,NA,-2.83,1.17,0,-1,-17.11
AABA 064,Fish,N,Ballan,Labriformes,Labridae,Labrus_bergylta,Skye,LB_Skye,09/02/2024,2024,Wrasse,63.02974897,15.5,NA,NA,NA,-3.89,1.41,0,-1,-17.11
AACK 001,Fish,N,Cuckoo,Labriformes,Labridae,Labrus_mixtus,Skye,LM_Skye,09/02/2024,2024,Wrasse,322.07009,25.5,F,NA,NA,-2.4,1.66,0,-1,-16.84
AACK 003,Fish,N,Cuckoo,Labriformes,Labridae,Labrus_mixtus,Skye,LM_Skye,09/02/2024,2024,Wrasse,232.2176698,23,F,NA,NA,-2.38,2.05,0,-1,-16.84
AACK 007,Fish,N,Cuckoo,Labriformes,Labridae,Labrus_mixtus,Skye,LM_Skye,09/02/2024,2024,Wrasse,363.8374867,26.5,M,NA,NA,-2.31,1.77,0,-1,-16.84
AACK 009,Fish,N,Cuckoo,Labriformes,Labridae,Labrus_mixtus,Skye,LM_Skye,09/02/2024,2024,Wrasse,322.07009,25.5,M,NA,NA,-1.94,1.95,0,-1,-16.84
AACK 012,Fish,N,Cuckoo,Labriformes,Labridae,Labrus_mixtus,Skye,LM_Skye,09/02/2024,2024,Wrasse,283.7099127,24.5,F,NA,NA,-2.1,2.03,0,-1,-16.84
AACK 013,Fish,N,Cuckoo,Labriformes,Labridae,Labrus_mixtus,Skye,LM_Skye,09/02/2024,2024,Wrasse,161.2418462,20.5,F,NA,NA,-2.38,2.13,0,-1,-16.84
AACK 015,Fish,N,Cuckoo,Labriformes,Labridae,Labrus_mixtus,Skye,LM_Skye,09/02/2024,2024,Wrasse,126.7263533,19,F,NA,NA,-2.61,1.8,0,-1,-16.84
AACK 017,Fish,N,Cuckoo,Labriformes,Labridae,Labrus_mixtus,Skye,LM_Skye,09/02/2024,2024,Wrasse,89.07197938,17,F,NA,NA,-3.45,1.37,0,-1,-16.84
AACK 019,Fish,N,Cuckoo,Labriformes,Labridae,Labrus_mixtus,Skye,LM_Skye,09/02/2024,2024,Wrasse,232.2176698,23,F,NA,NA,-2.17,1.6,0,-1,-16.84
AACK 020,Fish,N,Cuckoo,Labriformes,Labridae,Labrus_mixtus,Skye,LM_Skye,09/02/2024,2024,Wrasse,42.89197743,13.5,F,NA,NA,-3.4,1.58,0,-1,-16.84
AACK 021,Fish,N,Cuckoo,Labriformes,Labridae,Labrus_mixtus,Skye,LM_Skye,09/02/2024,2024,Wrasse,81.02930722,16.5,F,NA,NA,-2.18,1.97,0,-1,-16.84
AACK 022,Fish,N,Cuckoo,Labriformes,Labridae,Labrus_mixtus,Skye,LM_Skye,09/02/2024,2024,Wrasse,433.2204828,28,M,NA,NA,-2.38,1.97,0,-1,-16.84
AACK 023,Fish,N,Cuckoo,Labriformes,Labridae,Labrus_mixtus,Skye,LM_Skye,09/02/2024,2024,Wrasse,38.05558912,13,F,NA,NA,-4.1,1.54,0,-1,-16.84
AACK 025,Fish,N,Cuckoo,Labriformes,Labridae,Labrus_mixtus,Skye,LM_Skye,09/02/2024,2024,Wrasse,201.6962951,22,F,NA,NA,-2.51,1.77,0,-1,-16.84
AACK 027,Fish,N,Cuckoo,Labriformes,Labridae,Labrus_mixtus,Skye,LM_Skye,09/02/2024,2024,Wrasse,363.8374867,26.5,M,NA,NA,-2.28,1.89,0,-1,-16.84
AACK 028,Fish,N,Cuckoo,Labriformes,Labridae,Labrus_mixtus,Skye,LM_Skye,09/02/2024,2024,Wrasse,29.52722087,12,F,NA,NA,-3.83,1.45,0,-1,-16.84
AACK 031,Fish,N,Cuckoo,Labriformes,Labridae,Labrus_mixtus,Skye,LM_Skye,09/02/2024,2024,Wrasse,38.05558912,13,F,NA,NA,-3.78,1.37,0,-1,-16.84
AACK 033,Fish,N,Cuckoo,Labriformes,Labridae,Labrus_mixtus,Skye,LM_Skye,09/02/2024,2024,Wrasse,38.05558912,13,F,NA,NA,-3.65,1.37,0,-1,-16.84
AACK 035,Fish,N,Cuckoo,Labriformes,Labridae,Labrus_mixtus,Skye,LM_Skye,09/02/2024,2024,Wrasse,29.52722087,12,F,NA,NA,-4.36,1.2,0,-1,-16.84
AACK 038,Fish,N,Cuckoo,Labriformes,Labridae,Labrus_mixtus,Skye,LM_Skye,09/02/2024,2024,Wrasse,48.13310693,14,F,NA,NA,-3.6,1.36,0,-1,-16.84
AACK 039,Fish,N,Cuckoo,Labriformes,Labridae,Labrus_mixtus,Skye,LM_Skye,09/02/2024,2024,Wrasse,265.7588029,24,F,NA,NA,-2.27,2.02,0,-1,-16.84
AACK 040,Fish,N,Cuckoo,Labriformes,Labridae,Labrus_mixtus,Skye,LM_Skye,09/02/2024,2024,Wrasse,283.7099127,24.5,F,NA,NA,-2.26,1.86,0,-1,-16.84
AACK 041,Fish,N,Cuckoo,Labriformes,Labridae,Labrus_mixtus,Skye,LM_Skye,09/02/2024,2024,Wrasse,386.0478651,27,M,NA,NA,-2.33,1.96,0,-1,-16.84
AACK 043,Fish,N,Cuckoo,Labriformes,Labridae,Labrus_mixtus,Skye,LM_Skye,09/02/2024,2024,Wrasse,265.7588029,24,F,NA,NA,-2.4,1.57,0,-1,-16.84
AACK 045,Fish,N,Cuckoo,Labriformes,Labridae,Labrus_mixtus,Skye,LM_Skye,09/02/2024,2024,Wrasse,248.6011573,23.5,F,NA,NA,-2.86,1.55,0,-1,-16.84
AACK 046,Fish,N,Cuckoo,Labriformes,Labridae,Labrus_mixtus,Skye,LM_Skye,09/02/2024,2024,Wrasse,568.1310343,30.5,M,NA,NA,-1.89,1.86,0,-1,-16.84
AACK 047,Fish,N,Cuckoo,Labriformes,Labridae,Labrus_mixtus,Skye,LM_Skye,09/02/2024,2024,Wrasse,216.5891042,22.5,M,NA,NA,-2.38,1.67,0,-1,-16.84
AACK 048,Fish,N,Cuckoo,Labriformes,Labridae,Labrus_mixtus,Skye,LM_Skye,09/02/2024,2024,Wrasse,232.2176698,23,F,NA,NA,-2.28,1.89,0,-1,-16.84
AACW 001,Fish,N,Corkwing,Labriformes,Labridae,Symphodus_melops,Skye,SM_Skye,09/02/2024,2024,Wrasse,149.1018764,20,NA,NA,NA,-2.53,1.59,0,-1,-17.24
AACW 003,Fish,N,Corkwing,Labriformes,Labridae,Symphodus_melops,Skye,SM_Skye,09/02/2024,2024,Wrasse,81.02930722,16.5,NA,NA,NA,-5,0.94,0,-1,-17.24
AACW 004,Fish,N,Corkwing,Labriformes,Labridae,Symphodus_melops,Skye,SM_Skye,09/02/2024,2024,Wrasse,126.7263533,19,NA,NA,NA,-3.65,1.24,0,-1,-17.24
AACW 005,Fish,N,Corkwing,Labriformes,Labridae,Symphodus_melops,Skye,SM_Skye,09/02/2024,2024,Wrasse,81.02930722,16.5,NA,NA,NA,-4.15,1.36,0,-1,-17.24
AACW 008,Fish,N,Corkwing,Labriformes,Labridae,Symphodus_melops,Skye,SM_Skye,09/02/2024,2024,Wrasse,116.4534614,18.5,NA,NA,NA,-3.3,1.06,0,-1,-17.24
AACW 009,Fish,N,Corkwing,Labriformes,Labridae,Symphodus_melops,Skye,SM_Skye,09/02/2024,2024,Wrasse,53.7965704,14.5,NA,NA,NA,-4.32,1.1,0,-1,-17.24
AACW 010,Fish,N,Corkwing,Labriformes,Labridae,Symphodus_melops,Skye,SM_Skye,09/02/2024,2024,Wrasse,116.4534614,18.5,NA,NA,NA,-3.72,1.35,0,-1,-17.24
AACW 011,Fish,N,Corkwing,Labriformes,Labridae,Symphodus_melops,Skye,SM_Skye,09/02/2024,2024,Wrasse,81.02930722,16.5,NA,NA,NA,-4.54,1.08,0,-1,-17.24
AACW 012,Fish,N,Corkwing,Labriformes,Labridae,Symphodus_melops,Skye,SM_Skye,09/02/2024,2024,Wrasse,59.90006779,15,NA,NA,NA,-4.35,1.31,0,-1,-17.24
AACW 013,Fish,N,Corkwing,Labriformes,Labridae,Symphodus_melops,Skye,SM_Skye,09/02/2024,2024,Wrasse,97.64469136,17.5,NA,NA,NA,-4.02,1.24,0,-1,-17.24
AACW 015,Fish,N,Corkwing,Labriformes,Labridae,Symphodus_melops,Skye,SM_Skye,09/02/2024,2024,Wrasse,33.60645971,12.5,NA,NA,NA,-4.63,1.04,0,-1,-17.24
AACW 016,Fish,N,Corkwing,Labriformes,Labridae,Symphodus_melops,Skye,SM_Skye,09/02/2024,2024,Wrasse,81.02930722,16.5,NA,NA,NA,-4.6,0.86,0,-1,-17.24
AACW 017,Fish,N,Corkwing,Labriformes,Labridae,Symphodus_melops,Skye,SM_Skye,09/02/2024,2024,Wrasse,48.13310693,14,NA,NA,NA,-4.85,0.95,0,-1,-17.24
AACW 018,Fish,N,Corkwing,Labriformes,Labridae,Symphodus_melops,Skye,SM_Skye,09/02/2024,2024,Wrasse,89.07197938,17,NA,NA,NA,-4.11,0.95,0,-1,-17.24
AACW 020,Fish,N,Corkwing,Labriformes,Labridae,Symphodus_melops,Skye,SM_Skye,09/02/2024,2024,Wrasse,97.64469136,17.5,NA,NA,NA,-4.02,1.41,0,-1,-17.24
AACW 021,Fish,N,Corkwing,Labriformes,Labridae,Symphodus_melops,Skye,SM_Skye,09/02/2024,2024,Wrasse,73.4984817,16,NA,NA,NA,-4.61,0.69,0,-1,-17.24
AACW 022,Fish,N,Corkwing,Labriformes,Labridae,Symphodus_melops,Skye,SM_Skye,09/02/2024,2024,Wrasse,106.7657275,18,NA,NA,NA,-4.47,1.09,0,-1,-17.24
AACW 023,Fish,N,Corkwing,Labriformes,Labridae,Symphodus_melops,Skye,SM_Skye,09/02/2024,2024,Wrasse,38.05558912,13,NA,NA,NA,-5,0.94,0,-1,-17.24
AACW 024,Fish,N,Corkwing,Labriformes,Labridae,Symphodus_melops,Skye,SM_Skye,09/02/2024,2024,Wrasse,89.07197938,17,NA,NA,NA,-5.19,0.98,0,-1,-17.24
AACW 025,Fish,N,Corkwing,Labriformes,Labridae,Symphodus_melops,Skye,SM_Skye,09/02/2024,2024,Wrasse,48.13310693,14,NA,NA,NA,-4.1,0.98,0,-1,-17.24
AACW 026,Fish,N,Corkwing,Labriformes,Labridae,Symphodus_melops,Skye,SM_Skye,09/02/2024,2024,Wrasse,106.7657275,18,NA,NA,NA,-4.32,1.31,0,-1,-17.24
AACW 027,Fish,N,Corkwing,Labriformes,Labridae,Symphodus_melops,Skye,SM_Skye,09/02/2024,2024,Wrasse,89.07197938,17,NA,NA,NA,-4.01,1.28,0,-1,-17.24
AACW 029,Fish,N,Corkwing,Labriformes,Labridae,Symphodus_melops,Skye,SM_Skye,09/02/2024,2024,Wrasse,59.90006779,15,NA,NA,NA,-5.26,0.97,0,-1,-17.24
AACW 031,Fish,N,Corkwing,Labriformes,Labridae,Symphodus_melops,Skye,SM_Skye,09/02/2024,2024,Wrasse,53.7965704,14.5,NA,NA,NA,-4.72,1,0,-1,-17.24
AACW 032,Fish,N,Corkwing,Labriformes,Labridae,Symphodus_melops,Skye,SM_Skye,09/02/2024,2024,Wrasse,73.4984817,16,NA,NA,NA,-5.08,1,0,-1,-17.24
AACW 034,Fish,N,Corkwing,Labriformes,Labridae,Symphodus_melops,Skye,SM_Skye,09/02/2024,2024,Wrasse,59.90006779,15,NA,NA,NA,-4.01,1.09,0,-1,-17.24
AAGO 003,Fish,N,Goldsinny,Labriformes,Labridae,Ctenolabrus_rupestris,Skye,CR_Skye,09/02/2024,2024,Wrasse,36.54376026,13,NA,NA,NA,-3.07,1.64,0,-1,-17.2
AAGO 004,Fish,N,Goldsinny,Labriformes,Labridae,Ctenolabrus_rupestris,Skye,CR_Skye,09/02/2024,2024,Wrasse,40.98689464,13.5,NA,NA,NA,-2.61,1.44,0,-1,-17.2
AAGO 006,Fish,N,Goldsinny,Labriformes,Labridae,Ctenolabrus_rupestris,Skye,CR_Skye,09/02/2024,2024,Wrasse,45.77879174,14,NA,NA,NA,-2.35,1.55,0,-1,-17.2
AAGO 007,Fish,N,Goldsinny,Labriformes,Labridae,Ctenolabrus_rupestris,Skye,CR_Skye,09/02/2024,2024,Wrasse,28.65009071,12,NA,NA,NA,-3.4,1.71,0,-1,-17.2
AAGO 008,Fish,N,Goldsinny,Labriformes,Labridae,Ctenolabrus_rupestris,Skye,CR_Skye,09/02/2024,2024,Wrasse,36.54376026,13,NA,NA,NA,-3.37,1.51,0,-1,-17.2
AAGO 013,Fish,N,Goldsinny,Labriformes,Labridae,Ctenolabrus_rupestris,Skye,CR_Skye,09/02/2024,2024,Wrasse,21.99061827,11,NA,NA,NA,-4.26,1.52,0,-1,-17.2
AAGO 014,Fish,N,Goldsinny,Labriformes,Labridae,Ctenolabrus_rupestris,Skye,CR_Skye,09/02/2024,2024,Wrasse,45.77879174,14,NA,NA,NA,-2.6,1.56,0,-1,-17.2
AAGO 016,Fish,N,Goldsinny,Labriformes,Labridae,Ctenolabrus_rupestris,Skye,CR_Skye,09/02/2024,2024,Wrasse,32.43596115,12.5,NA,NA,NA,-3.54,1.21,0,-1,-17.2
AAGO 019,Fish,N,Goldsinny,Labriformes,Labridae,Ctenolabrus_rupestris,Skye,CR_Skye,09/02/2024,2024,Wrasse,25.17276393,11.5,NA,NA,NA,-4.31,1.43,0,-1,-17.2
AAGO 020,Fish,N,Goldsinny,Labriformes,Labridae,Ctenolabrus_rupestris,Skye,CR_Skye,09/02/2024,2024,Wrasse,36.54376026,13,NA,NA,NA,-3.7,1.57,0,-1,-17.2
AAGO 023,Fish,N,Goldsinny,Labriformes,Labridae,Ctenolabrus_rupestris,Skye,CR_Skye,09/02/2024,2024,Wrasse,28.65009071,12,NA,NA,NA,-2.81,0.92,0,-1,-17.2
AAGO 024,Fish,N,Goldsinny,Labriformes,Labridae,Ctenolabrus_rupestris,Skye,CR_Skye,09/02/2024,2024,Wrasse,40.98689464,13.5,NA,NA,NA,-2.45,1.78,0,-1,-17.2
AAGO 028,Fish,N,Goldsinny,Labriformes,Labridae,Ctenolabrus_rupestris,Skye,CR_Skye,09/02/2024,2024,Wrasse,36.54376026,13,NA,NA,NA,-3.17,1.55,0,-1,-17.2
AAGO 031,Fish,N,Goldsinny,Labriformes,Labridae,Ctenolabrus_rupestris,Skye,CR_Skye,09/02/2024,2024,Wrasse,32.43596115,12.5,NA,NA,NA,-3.9,1.01,0,-1,-17.2
AAGO 032,Fish,N,Goldsinny,Labriformes,Labridae,Ctenolabrus_rupestris,Skye,CR_Skye,09/02/2024,2024,Wrasse,36.54376026,13,NA,NA,NA,-2.3,1.6,0,-1,-17.2
AAGO 033,Fish,N,Goldsinny,Labriformes,Labridae,Ctenolabrus_rupestris,Skye,CR_Skye,09/02/2024,2024,Wrasse,36.54376026,13,NA,NA,NA,-2.58,1.66,0,-1,-17.2
AAGO 034,Fish,N,Goldsinny,Labriformes,Labridae,Ctenolabrus_rupestris,Skye,CR_Skye,09/02/2024,2024,Wrasse,32.43596115,12.5,NA,NA,NA,-4.36,1.49,0,-1,-17.2
AAGO 035 V,Fish,N,Goldsinny,Labriformes,Labridae,Ctenolabrus_rupestris,Skye,CR_Skye,09/02/2024,2024,Wrasse,36.54376026,13,NA,NA,NA,-2.15,1.6,0,-1,-17.2
AAGO 038,Fish,N,Goldsinny,Labriformes,Labridae,Ctenolabrus_rupestris,Skye,CR_Skye,09/02/2024,2024,Wrasse,32.43596115,12.5,NA,NA,NA,-2.23,1.73,0,-1,-17.2
AAGO 040,Fish,N,Goldsinny,Labriformes,Labridae,Ctenolabrus_rupestris,Skye,CR_Skye,09/02/2024,2024,Wrasse,45.77879174,14,NA,NA,NA,-2.3,1.91,0,-1,-17.2
AAGO 042,Fish,N,Goldsinny,Labriformes,Labridae,Ctenolabrus_rupestris,Skye,CR_Skye,09/02/2024,2024,Wrasse,32.43596115,12.5,NA,NA,NA,-2.81,1.57,0,-1,-17.2
AAGO 045,Fish,N,Goldsinny,Labriformes,Labridae,Ctenolabrus_rupestris,Skye,CR_Skye,09/02/2024,2024,Wrasse,40.98689464,13.5,NA,NA,NA,-2.58,2,0,-1,-17.2
AAGO 049,Fish,N,Goldsinny,Labriformes,Labridae,Ctenolabrus_rupestris,Skye,CR_Skye,09/02/2024,2024,Wrasse,28.65009071,12,NA,NA,NA,-2.36,1.91,0,-1,-17.2
AAGO 051,Fish,N,Goldsinny,Labriformes,Labridae,Ctenolabrus_rupestris,Skye,CR_Skye,09/02/2024,2024,Wrasse,36.54376026,13,NA,NA,NA,-2.48,1.87,0,-1,-17.2
AAGO 054,Fish,N,Goldsinny,Labriformes,Labridae,Ctenolabrus_rupestris,Skye,CR_Skye,09/02/2024,2024,Wrasse,36.54376026,13,NA,NA,NA,-3.46,1.03,0,-1,-17.2
AAGO 055 v,Fish,N,Goldsinny,Labriformes,Labridae,Ctenolabrus_rupestris,Skye,CR_Skye,09/02/2024,2024,Wrasse,45.77879174,14,NA,NA,NA,-1.89,2.08,0,-1,-17.2
AAGO 057,Fish,N,Goldsinny,Labriformes,Labridae,Ctenolabrus_rupestris,Skye,CR_Skye,09/02/2024,2024,Wrasse,36.54376026,13,NA,NA,NA,-2.64,1.95,0,-1,-17.2
AARC 002,Fish,N,Rock-Cook,Labriformes,Labridae,Ctenolabrus_exoletus,Skye,CE_Skye,09/02/2024,2024,Wrasse,20.13782779,13.5,NA,NA,NA,-3.23,1.74,0,-1,-17.24
AARC 006,Fish,N,Rock-Cook,Labriformes,Labridae,Ctenolabrus_exoletus,Skye,CE_Skye,09/02/2024,2024,Wrasse,22.66438772,14,NA,NA,NA,-3.22,1.63,0,-1,-17.24
AARC 008,Fish,N,Rock-Cook,Labriformes,Labridae,Ctenolabrus_exoletus,Skye,CE_Skye,09/02/2024,2024,Wrasse,20.13782779,13.5,NA,NA,NA,-3.02,1.74,0,-1,-17.24
AARC 009,Fish,N,Rock-Cook,Labriformes,Labridae,Ctenolabrus_exoletus,Skye,CE_Skye,09/02/2024,2024,Wrasse,15.6814211,12.5,NA,NA,NA,-3.31,1.54,0,-1,-17.24
AARC 010,Fish,N,Rock-Cook,Labriformes,Labridae,Ctenolabrus_exoletus,Skye,CE_Skye,09/02/2024,2024,Wrasse,13.73304758,12,NA,NA,NA,-3.06,1.69,0,-1,-17.24
AARC 011,Fish,N,Rock-Cook,Labriformes,Labridae,Ctenolabrus_exoletus,Skye,CE_Skye,09/02/2024,2024,Wrasse,22.66438772,14,NA,NA,NA,-2,2,0,-1,-17.24
AARC 012,Fish,N,Rock-Cook,Labriformes,Labridae,Ctenolabrus_exoletus,Skye,CE_Skye,09/02/2024,2024,Wrasse,13.73304758,12,NA,NA,NA,-3.52,1.37,0,-1,-17.24
AARC 013,Fish,N,Rock-Cook,Labriformes,Labridae,Ctenolabrus_exoletus,Skye,CE_Skye,09/02/2024,2024,Wrasse,22.66438772,14,NA,NA,NA,-3.13,1.99,0,-1,-17.24
AARC 016,Fish,N,Rock-Cook,Labriformes,Labridae,Ctenolabrus_exoletus,Skye,CE_Skye,09/02/2024,2024,Wrasse,17.8132749,13,NA,NA,NA,-2.68,1.75,0,-1,-17.24
AARC 021,Fish,N,Rock-Cook,Labriformes,Labridae,Ctenolabrus_exoletus,Skye,CE_Skye,09/02/2024,2024,Wrasse,15.6814211,12.5,NA,NA,NA,-3.06,1.71,0,-1,-17.24
AARC 024,Fish,N,Rock-Cook,Labriformes,Labridae,Ctenolabrus_exoletus,Skye,CE_Skye,09/02/2024,2024,Wrasse,20.13782779,13.5,NA,NA,NA,-2.37,1.78,0,-1,-17.24
AARC 025,Fish,N,Rock-Cook,Labriformes,Labridae,Ctenolabrus_exoletus,Skye,CE_Skye,09/02/2024,2024,Wrasse,17.8132749,13,NA,NA,NA,-2.79,1.85,0,-1,-17.24
AARC 026,Fish,N,Rock-Cook,Labriformes,Labridae,Ctenolabrus_exoletus,Skye,CE_Skye,09/02/2024,2024,Wrasse,17.8132749,13,NA,NA,NA,-2.8,1.62,0,-1,-17.24
AARC 028,Fish,N,Rock-Cook,Labriformes,Labridae,Ctenolabrus_exoletus,Skye,CE_Skye,09/02/2024,2024,Wrasse,22.66438772,14,NA,NA,NA,-2.64,1.69,0,-1,-17.24
AARC 029,Fish,N,Rock-Cook,Labriformes,Labridae,Ctenolabrus_exoletus,Skye,CE_Skye,09/02/2024,2024,Wrasse,20.13782779,13.5,NA,NA,NA,-2.83,1.64,0,-1,-17.24
AARC 030,Fish,N,Rock-Cook,Labriformes,Labridae,Ctenolabrus_exoletus,Skye,CE_Skye,09/02/2024,2024,Wrasse,15.6814211,12.5,NA,NA,NA,-2.82,1.67,0,-1,-17.24
AARC 031,Fish,N,Rock-Cook,Labriformes,Labridae,Ctenolabrus_exoletus,Skye,CE_Skye,09/02/2024,2024,Wrasse,15.6814211,12.5,NA,NA,NA,-3.25,1.12,0,-1,-17.24
AARC 032,Fish,N,Rock-Cook,Labriformes,Labridae,Ctenolabrus_exoletus,Skye,CE_Skye,09/02/2024,2024,Wrasse,13.73304758,12,NA,NA,NA,-3.36,1.45,0,-1,-17.24
AARC 034,Fish,N,Rock-Cook,Labriformes,Labridae,Ctenolabrus_exoletus,Skye,CE_Skye,09/02/2024,2024,Wrasse,25.40234922,14.5,NA,NA,NA,-2.88,1.76,0,-1,-17.24
AARC 036,Fish,N,Rock-Cook,Labriformes,Labridae,Ctenolabrus_exoletus,Skye,CE_Skye,09/02/2024,2024,Wrasse,17.8132749,13,NA,NA,NA,-3.09,1.5,0,-1,-17.24
AARC 037,Fish,N,Rock-Cook,Labriformes,Labridae,Ctenolabrus_exoletus,Skye,CE_Skye,09/02/2024,2024,Wrasse,10.35032774,11,NA,NA,NA,-3.13,1.58,0,-1,-17.24
AARC 038,Fish,N,Rock-Cook,Labriformes,Labridae,Ctenolabrus_exoletus,Skye,CE_Skye,09/02/2024,2024,Wrasse,10.35032774,11,NA,NA,NA,-2.87,1.63,0,-1,-17.24
AARC 040,Fish,N,Rock-Cook,Labriformes,Labridae,Ctenolabrus_exoletus,Skye,CE_Skye,09/02/2024,2024,Wrasse,20.13782779,13.5,NA,NA,NA,-2.39,1.79,0,-1,-17.24
AARC 041,Fish,N,Rock-Cook,Labriformes,Labridae,Ctenolabrus_exoletus,Skye,CE_Skye,09/02/2024,2024,Wrasse,15.6814211,12.5,NA,NA,NA,-2.78,1.68,0,-1,-17.24
AARC 042,Fish,N,Rock-Cook,Labriformes,Labridae,Ctenolabrus_exoletus,Skye,CE_Skye,09/02/2024,2024,Wrasse,13.73304758,12,NA,NA,NA,-2.95,1.39,0,-1,-17.24
AARC 047,Fish,N,Rock-Cook,Labriformes,Labridae,Ctenolabrus_exoletus,Skye,CE_Skye,09/02/2024,2024,Wrasse,17.8132749,13,NA,NA,NA,-2.85,1.63,0,-1,-17.24
AARC 048,Fish,N,Rock-Cook,Labriformes,Labridae,Ctenolabrus_exoletus,Skye,CE_Skye,09/02/2024,2024,Wrasse,17.8132749,13,NA,NA,NA,-2.96,1.62,0,-1,-17.24
AARC 049,Fish,N,Rock-Cook,Labriformes,Labridae,Ctenolabrus_exoletus,Skye,CE_Skye,09/02/2024,2024,Wrasse,13.73304758,12,NA,NA,NA,-3.79,1.21,0,-1,-17.24
AARC 050,Fish,N,Rock-Cook,Labriformes,Labridae,Ctenolabrus_exoletus,Skye,CE_Skye,09/02/2024,2024,Wrasse,13.73304758,12,NA,NA,NA,-3.02,1.38,0,-1,-17.24
RIRC_003,Fish,N,Rock-Cook,Labriformes,Labridae,Ctenolabrus_exoletus,Dorset,CE_Dorset,NA,2021,Lauren_Henley,6.54,8,NA,NA,NA,-4.996601785,1.300334797,0,-1,-19.54
RIRC_001,Fish,N,Rock-Cook,Labriformes,Labridae,Ctenolabrus_exoletus,Dorset,CE_Dorset,NA,2021,Lauren_Henley,7.962315527,8.5,NA,NA,NA,-6.73,0.53,0,-1,-18.89
RIRC_004,Fish,N,Rock-Cook,Labriformes,Labridae,Ctenolabrus_exoletus,Dorset,CE_Dorset,NA,2021,Lauren_Henley,13.5,10,NA,NA,NA,-6.675733095,0.557374271,0,-1,-19.3
RIRC_007,Fish,N,Rock-Cook,Labriformes,Labridae,Ctenolabrus_exoletus,Dorset,CE_Dorset,NA,2021,Lauren_Henley,15.82,10.5,NA,NA,NA,-4.752419314,1.211459142,0,-1,-18.64
RIRC_011,Fish,N,Rock-Cook,Labriformes,Labridae,Ctenolabrus_exoletus,Dorset,CE_Dorset,NA,2021,Lauren_Henley,15.82,10.5,NA,NA,NA,-4.938319549,1.232429802,0,-1,-19.34
RIRC_002,Fish,N,Rock-Cook,Labriformes,Labridae,Ctenolabrus_exoletus,Dorset,CE_Dorset,NA,2021,Lauren_Henley,18.40577471,11,NA,NA,NA,-3.89,1.43,0,-1,-18.75
RIRC_009,Fish,N,Rock-Cook,Labriformes,Labridae,Ctenolabrus_exoletus,Dorset,CE_Dorset,NA,2021,Lauren_Henley,18.40577471,11,NA,NA,NA,-4.03,1.34,0,-1,-19.11
RIRC_010,Fish,N,Rock-Cook,Labriformes,Labridae,Ctenolabrus_exoletus,Dorset,CE_Dorset,NA,2021,Lauren_Henley,18.41,11,NA,NA,NA,-3.601847591,1.598917051,0,-1,-18.45
RIRC_015,Fish,N,Rock-Cook,Labriformes,Labridae,Ctenolabrus_exoletus,Dorset,CE_Dorset,NA,2021,Lauren_Henley,18.41,11,NA,NA,NA,-4.463017868,1.332290088,0,-1,-18.95
RIRC_012,Fish,N,Rock-Cook,Labriformes,Labridae,Ctenolabrus_exoletus,Dorset,CE_Dorset,NA,2021,Lauren_Henley,21.26649196,11.5,NA,NA,NA,-4.20778187,1.519028823,0,-1,-18.93
RIRC_008,Fish,N,Rock-Cook,Labriformes,Labridae,Ctenolabrus_exoletus,Dorset,CE_Dorset,NA,2021,Lauren_Henley,21.27,11.5,NA,NA,NA,-3.631993575,1.463107063,0,-1,-18.54
RIRC_013,Fish,N,Rock-Cook,Labriformes,Labridae,Ctenolabrus_exoletus,Dorset,CE_Dorset,NA,2021,Lauren_Henley,21.27,11.5,NA,NA,NA,-4.20778187,1.519028823,0,-1,-18.68
RIGO_045,Fish,N,Goldsinny,Labriformes,Labridae,Ctenolabrus_rupestris,Dorset,CR_Dorset,NA,2021,Lauren_Henley,3.48,6,NA,NA,NA,-8.87,0.18,0,-1,-19.74
RIGO_036,Fish,N,Goldsinny,Labriformes,Labridae,Ctenolabrus_rupestris,Dorset,CR_Dorset,NA,2021,Lauren_Henley,5.56,7,NA,NA,NA,-5.66,0.92,0,-1,-19.39
RIGO_037,Fish,N,Goldsinny,Labriformes,Labridae,Ctenolabrus_rupestris,Dorset,CR_Dorset,NA,2021,Lauren_Henley,5.56,7,NA,NA,NA,-6.679962247,0.667515735,0,-1,-19.48
RIGO_044,Fish,N,Goldsinny,Labriformes,Labridae,Ctenolabrus_rupestris,Dorset,CR_Dorset,NA,2021,Lauren_Henley,5.56,7,NA,NA,NA,-8.49905247,0.161116708,0,-1,-20.35
RIGO_066,Fish,N,Goldsinny,Labriformes,Labridae,Ctenolabrus_rupestris,Dorset,CR_Dorset,NA,2021,Lauren_Henley,5.56,7,NA,NA,NA,-8.139260837,0.371340117,0,-1,-19.64
RIGO_064,Fish,N,Goldsinny,Labriformes,Labridae,Ctenolabrus_rupestris,Dorset,CR_Dorset,NA,2021,Lauren_Henley,8.35,8,NA,NA,NA,-7.02,0.62,0,-1,-19.56
RIGO_065,Fish,N,Goldsinny,Labriformes,Labridae,Ctenolabrus_rupestris,Dorset,CR_Dorset,NA,2021,Lauren_Henley,8.35,8,NA,NA,NA,-7.998610624,0.257187707,0,-1,-19.03
RIGO_035,Fish,N,Goldsinny,Labriformes,Labridae,Ctenolabrus_rupestris,Dorset,CR_Dorset,NA,2021,Lauren_Henley,11.95,9,NA,NA,NA,-5.76,1.01,0,-1,-19.66
RIGO_039,Fish,N,Goldsinny,Labriformes,Labridae,Ctenolabrus_rupestris,Dorset,CR_Dorset,NA,2021,Lauren_Henley,11.95,9,NA,NA,NA,-7.289567768,0.530389611,0,-1,-19.55
RIGO_041,Fish,N,Goldsinny,Labriformes,Labridae,Ctenolabrus_rupestris,Dorset,CR_Dorset,NA,2021,Lauren_Henley,11.95,9,NA,NA,NA,-7.096171377,0.700738246,0,-1,-19.6
RIGO_004,Fish,N,Goldsinny,Labriformes,Labridae,Ctenolabrus_rupestris,Dorset,CR_Dorset,NA,2021,Lauren_Henley,14.08,9.5,NA,NA,NA,-5.57,0.89,0,-1,-19.2
RIGO_005,Fish,N,Goldsinny,Labriformes,Labridae,Ctenolabrus_rupestris,Dorset,CR_Dorset,NA,2021,Lauren_Henley,14.08,9.5,NA,NA,NA,-5.62,1.11,0,-1,-18.97
RIGO_025,Fish,N,Goldsinny,Labriformes,Labridae,Ctenolabrus_rupestris,Dorset,CR_Dorset,NA,2021,Lauren_Henley,14.08,9.5,NA,NA,NA,-6.61332778,0.907120514,0,-1,-19.43
RIGO_008,Fish,N,Goldsinny,Labriformes,Labridae,Ctenolabrus_rupestris,Dorset,CR_Dorset,NA,2021,Lauren_Henley,16.46,10,NA,NA,NA,-4.49,1,0,-1,-18.53
RIGO_010,Fish,N,Goldsinny,Labriformes,Labridae,Ctenolabrus_rupestris,Dorset,CR_Dorset,NA,2021,Lauren_Henley,16.46,10,NA,NA,NA,-4.09,1.27,0,-1,-19.2
RIGO_032,Fish,N,Goldsinny,Labriformes,Labridae,Ctenolabrus_rupestris,Dorset,CR_Dorset,NA,2021,Lauren_Henley,19.09,10.5,NA,NA,NA,-3.599947526,1.426694145,0,-1,-19.12
RIGO_033,Fish,N,Goldsinny,Labriformes,Labridae,Ctenolabrus_rupestris,Dorset,CR_Dorset,NA,2021,Lauren_Henley,19.09,10.5,NA,NA,NA,-5.034069347,0.924681004,0,-1,-19.05
RIGO_040,Fish,N,Goldsinny,Labriformes,Labridae,Ctenolabrus_rupestris,Dorset,CR_Dorset,NA,2021,Lauren_Henley,19.09,10.5,NA,NA,NA,-3.769857593,1.342665957,0,-1,-19.78
RIGO_038,Fish,N,Goldsinny,Labriformes,Labridae,Ctenolabrus_rupestris,Dorset,CR_Dorset,NA,2021,Lauren_Henley,21.99,11,NA,NA,NA,-4.840592626,1.271642131,0,-1,-19.43
RIGO_053,Fish,N,Goldsinny,Labriformes,Labridae,Ctenolabrus_rupestris,Dorset,CR_Dorset,NA,2021,Lauren_Henley,21.99,11,NA,NA,NA,-3.39183283,1.677778373,0,-1,-18.7
RIGO_003,Fish,N,Goldsinny,Labriformes,Labridae,Ctenolabrus_rupestris,Dorset,CR_Dorset,NA,2021,Lauren_Henley,25.17,11.5,NA,NA,NA,-5.798724539,1.018557232,0,-1,-19.25
RIGO_030,Fish,N,Goldsinny,Labriformes,Labridae,Ctenolabrus_rupestris,Dorset,CR_Dorset,NA,2021,Lauren_Henley,25.17,11.5,NA,NA,NA,-3.783932983,1.388681393,0,-1,-19.15
RIGO_031,Fish,N,Goldsinny,Labriformes,Labridae,Ctenolabrus_rupestris,Dorset,CR_Dorset,NA,2021,Lauren_Henley,25.17,11.5,NA,NA,NA,-3.585872136,1.543733407,0,-1,-19.39
RIGO_043,Fish,N,Goldsinny,Labriformes,Labridae,Ctenolabrus_rupestris,Dorset,CR_Dorset,NA,2021,Lauren_Henley,25.17,11.5,NA,NA,NA,-5.410831945,1.010815019,0,-1,-19.3
RIGO_048,Fish,N,Goldsinny,Labriformes,Labridae,Ctenolabrus_rupestris,Dorset,CR_Dorset,NA,2021,Lauren_Henley,28.65,12,NA,NA,NA,-4.254453167,1.296650521,0,-1,-18.53
RIGO_051,Fish,N,Goldsinny,Labriformes,Labridae,Ctenolabrus_rupestris,Dorset,CR_Dorset,NA,2021,Lauren_Henley,28.65,12,NA,NA,NA,-4.683752565,1.192615621,0,-1,-19.24
RIGO_054,Fish,N,Goldsinny,Labriformes,Labridae,Ctenolabrus_rupestris,Dorset,CR_Dorset,NA,2021,Lauren_Henley,28.65,12,NA,NA,NA,-4.286247178,1.195048945,0,-1,-18.25
RIGO_055,Fish,N,Goldsinny,Labriformes,Labridae,Ctenolabrus_rupestris,Dorset,CR_Dorset,NA,2021,Lauren_Henley,28.65,12,NA,NA,NA,-4.351856499,1.51317966,0,-1,-18.53
RIGO_056,Fish,N,Goldsinny,Labriformes,Labridae,Ctenolabrus_rupestris,Dorset,CR_Dorset,NA,2021,Lauren_Henley,28.65,12,NA,NA,NA,-3.88849067,1.537341487,0,-1,-19.01
RIGO_060,Fish,N,Goldsinny,Labriformes,Labridae,Ctenolabrus_rupestris,Dorset,CR_Dorset,NA,2021,Lauren_Henley,28.65,12,NA,NA,NA,-3.810579602,0.897053086,0,-1,-18.96
RIGO_062,Fish,N,Goldsinny,Labriformes,Labridae,Ctenolabrus_rupestris,Dorset,CR_Dorset,NA,2021,Lauren_Henley,28.65,12,NA,NA,NA,-3.641168312,1.480712266,0,-1,-19.2
RIGO_063,Fish,N,Goldsinny,Labriformes,Labridae,Ctenolabrus_rupestris,Dorset,CR_Dorset,NA,2021,Lauren_Henley,28.65,12,NA,NA,NA,-6.181741466,0.697718018,0,-1,-19.14
RIGO_034,Fish,N,Goldsinny,Labriformes,Labridae,Ctenolabrus_rupestris,Dorset,CR_Dorset,NA,2021,Lauren_Henley,32.44,12.5,NA,NA,NA,-4.248420856,1.361672333,0,-1,-19.2
RIGO_052,Fish,N,Goldsinny,Labriformes,Labridae,Ctenolabrus_rupestris,Dorset,CR_Dorset,NA,2021,Lauren_Henley,32.44,12.5,NA,NA,NA,-3.562748281,1.520725689,0,-1,-18.6
RIGO_057,Fish,N,Goldsinny,Labriformes,Labridae,Ctenolabrus_rupestris,Dorset,CR_Dorset,NA,2021,Lauren_Henley,32.44,12.5,NA,NA,NA,-3.179696593,1.544733742,0,-1,-18.32
RIGO_046,Fish,N,Goldsinny,Labriformes,Labridae,Ctenolabrus_rupestris,Dorset,CR_Dorset,NA,2021,Lauren_Henley,36.54,13,NA,NA,NA,-3.254095084,1.386680722,0,-1,-18.68
RIGO_049,Fish,N,Goldsinny,Labriformes,Labridae,Ctenolabrus_rupestris,Dorset,CR_Dorset,NA,2021,Lauren_Henley,36.54,13,NA,NA,NA,-3.713556032,1.2426324,0,-1,-18.68
RIGO_050,Fish,N,Goldsinny,Labriformes,Labridae,Ctenolabrus_rupestris,Dorset,CR_Dorset,NA,2021,Lauren_Henley,36.54,13,NA,NA,NA,-4.713914115,1.403686427,0,-1,-18.33
RIGO_059,Fish,N,Goldsinny,Labriformes,Labridae,Ctenolabrus_rupestris,Dorset,CR_Dorset,NA,2021,Lauren_Henley,36.54,13,NA,NA,NA,-3.837233388,1.122563466,0,-1,-18.48
SWBA_022,Fish,N,Ballan,Labriformes,Labridae,Labrus_bergylta,Dorset,LB_Dorset,NA,2021,Lauren_Henley,1204.67,41.5,NA,NA,NA,-2.39600823,1.882520263,0,-1,-18.18
SWBA_021,Fish,N,Ballan,Labriformes,Labridae,Labrus_bergylta,Dorset,LB_Dorset,NA,2021,Lauren_Henley,1401.19,43.5,NA,NA,NA,-2.194030137,1.927457391,0,-1,-17.92
SCBA_029,Fish,N,Ballan,Labriformes,Labridae,Labrus_bergylta,Dorset,LB_Dorset,NA,2021,Lauren_Henley,145.83,21.5,NA,NA,NA,-4.815725881,1.412178317,0,-1,-18.79
SCBA_015,Fish,N,Ballan,Labriformes,Labridae,Labrus_bergylta,Dorset,LB_Dorset,NA,2021,Lauren_Henley,360.47,28.5,NA,NA,NA,-3.202915735,1.780662771,0,-1,-18.17
SCBA_009,Fish,N,Ballan,Labriformes,Labridae,Labrus_bergylta,Dorset,LB_Dorset,NA,2021,Lauren_Henley,497.08,31.5,NA,NA,NA,-3.116497248,1.658833223,0,-1,-18.32
SCBA_011,Fish,N,Ballan,Labriformes,Labridae,Labrus_bergylta,Dorset,LB_Dorset,NA,2021,Lauren_Henley,697.17,35,NA,NA,NA,-2.139767366,2.095222671,0,-1,-17.86
SEBA_003,Fish,N,Ballan,Labriformes,Labridae,Labrus_bergylta,Dorset,LB_Dorset,NA,2021,Lauren_Henley,75.3,17.5,NA,NA,NA,-6.58,0.73,0,-1,-18.95
SEBA_007,Fish,N,Ballan,Labriformes,Labridae,Labrus_bergylta,Dorset,LB_Dorset,NA,2021,Lauren_Henley,181.09,23,NA,NA,NA,-4.041978957,1.405188097,0,-1,-18.66
SEBA_014,Fish,N,Ballan,Labriformes,Labridae,Labrus_bergylta,Dorset,LB_Dorset,NA,2021,Lauren_Henley,207.61,24,NA,NA,NA,-4.334395002,1.267380902,0,-1,-18.25
SEBA_006,Fish,N,Ballan,Labriformes,Labridae,Labrus_bergylta,Dorset,LB_Dorset,NA,2021,Lauren_Henley,236.68,25,NA,NA,NA,-4.595660197,1.262387888,0,-1,-18.84
SEBA_009,Fish,N,Ballan,Labriformes,Labridae,Labrus_bergylta,Dorset,LB_Dorset,NA,2021,Lauren_Henley,268.44,26,NA,NA,NA,-4.311283081,1.271375314,0,-1,-18.51
SEBA_011,Fish,N,Ballan,Labriformes,Labridae,Labrus_bergylta,Dorset,LB_Dorset,NA,2021,Lauren_Henley,522.86,32,NA,NA,NA,-3.260193105,1.600914257,0,-1,-18.64
SPBA_029,Fish,N,Ballan,Labriformes,Labridae,Labrus_bergylta,Dorset,LB_Dorset,NA,2021,Lauren_Henley,45.91,15,NA,NA,NA,-7.39,0.21,0,-1,-19.04
SPBA_001,Fish,N,Ballan,Labriformes,Labridae,Labrus_bergylta,Dorset,LB_Dorset,NA,2021,Lauren_Henley,82.43,18,NA,NA,NA,-6.33,0.78,0,-1,-19.53
SPBA_031,Fish,N,Ballan,Labriformes,Labridae,Labrus_bergylta,Dorset,LB_Dorset,NA,2021,Lauren_Henley,125.15,20.5,NA,NA,NA,-5.57,0.9,0,-1,-18.73
SPBA_013,Fish,N,Ballan,Labriformes,Labridae,Labrus_bergylta,Dorset,LB_Dorset,NA,2021,Lauren_Henley,303.03,27,NA,NA,NA,-5.279974035,0.964804237,0,-1,-19.1
SPBA_019,Fish,N,Ballan,Labriformes,Labridae,Labrus_bergylta,Dorset,LB_Dorset,NA,2021,Lauren_Henley,340.56,28,NA,NA,NA,-4.971480132,1.243414434,0,-1,-19.28
SPBA_007,Fish,N,Ballan,Labriformes,Labridae,Labrus_bergylta,Dorset,LB_Dorset,NA,2021,Lauren_Henley,577.16,33,NA,NA,NA,-4.702176008,1.524021837,0,-1,-19.09
SPBA_045,Fish,N,Ballan,Labriformes,Labridae,Labrus_bergylta,Dorset,LB_Dorset,NA,2021,Lauren_Henley,1300.37,42.5,NA,NA,NA,-2.362847647,1.878525851,0,-1,-19.27
SPBA_042,Fish,N,Ballan,Labriformes,Labridae,Labrus_bergylta,Dorset,LB_Dorset,NA,2021,Lauren_Henley,1350.13,43,NA,NA,NA,-3.02,1.62,0,-1,-18.88
SPBA_044,Fish,N,Ballan,Labriformes,Labridae,Labrus_bergylta,Dorset,LB_Dorset,NA,2021,Lauren_Henley,1922.03,48,NA,NA,NA,-2.757760038,2.022324663,0,-1,-19.24
RIBA_009,Fish,N,Ballan,Labriformes,Labridae,Labrus_bergylta,Dorset,LB_Dorset,NA,2021,Lauren_Henley,12.49,10,NA,NA,NA,-7.4,0.25,0,-1,-19.77
RIBA_014,Fish,N,Ballan,Labriformes,Labridae,Labrus_bergylta,Dorset,LB_Dorset,NA,2021,Lauren_Henley,12.49,10,NA,NA,NA,-6.99,0.89,0,-1,-19.1
RIBA_017,Fish,N,Ballan,Labriformes,Labridae,Labrus_bergylta,Dorset,LB_Dorset,NA,2021,Lauren_Henley,16.96,11,NA,NA,NA,-8.21,0.74,0,-1,-22.09
RIBA_012,Fish,N,Ballan,Labriformes,Labridae,Labrus_bergylta,Dorset,LB_Dorset,NA,2021,Lauren_Henley,22.42,12,NA,NA,NA,-7.44,0.64,0,-1,-20.47
RIBA_002,Fish,N,Ballan,Labriformes,Labridae,Labrus_bergylta,Dorset,LB_Dorset,NA,2021,Lauren_Henley,29,13,NA,NA,NA,-7.1,0.78,0,-1,-20.34
RIBA_005,Fish,N,Ballan,Labriformes,Labridae,Labrus_bergylta,Dorset,LB_Dorset,NA,2021,Lauren_Henley,29,13,NA,NA,NA,-6.54170406,1.003552198,0,-1,-20.3
RIBA_013,Fish,N,Ballan,Labriformes,Labridae,Labrus_bergylta,Dorset,LB_Dorset,NA,2021,Lauren_Henley,29,13,NA,NA,NA,-7.2,0.46,0,-1,-19.25
RIBA_015,Fish,N,Ballan,Labriformes,Labridae,Labrus_bergylta,Dorset,LB_Dorset,NA,2021,Lauren_Henley,29,13,NA,NA,NA,-6.388885538,1.060571326,0,-1,-21.39
RIBA_016,Fish,N,Ballan,Labriformes,Labridae,Labrus_bergylta,Dorset,LB_Dorset,NA,2021,Lauren_Henley,29,13,NA,NA,NA,-6.61,0.66,0,-1,-19.54
RIBA_008,Fish,N,Ballan,Labriformes,Labridae,Labrus_bergylta,Dorset,LB_Dorset,NA,2021,Lauren_Henley,32.73,13.5,NA,NA,NA,-7.27,0.91,0,-1,-20.36
RIBA_001,Fish,N,Ballan,Labriformes,Labridae,Labrus_bergylta,Dorset,LB_Dorset,NA,2021,Lauren_Henley,36.79,14,NA,NA,NA,-6.09,1.04,0,-1,-19.64
RIBA_004,Fish,N,Ballan,Labriformes,Labridae,Labrus_bergylta,Dorset,LB_Dorset,NA,2021,Lauren_Henley,36.79,14,NA,NA,NA,-6.32,0.99,0,-1,-20.24
RIBA_006,Fish,N,Ballan,Labriformes,Labridae,Labrus_bergylta,Dorset,LB_Dorset,NA,2021,Lauren_Henley,36.79,14,NA,NA,NA,-6.899621122,0.861504547,0,-1,-20.55
RIBA_011,Fish,N,Ballan,Labriformes,Labridae,Labrus_bergylta,Dorset,LB_Dorset,NA,2021,Lauren_Henley,36.79,14,NA,NA,NA,-6.510537124,0.755468977,0,-1,-18.69
RIBA_007,Fish,N,Ballan,Labriformes,Labridae,Labrus_bergylta,Dorset,LB_Dorset,NA,2021,Lauren_Henley,41.17,14.5,NA,NA,NA,-6.97,0.97,0,-1,-19.96
RIBA_024,Fish,N,Ballan,Labriformes,Labridae,Labrus_bergylta,Dorset,LB_Dorset,NA,2021,Lauren_Henley,56.48,16,NA,NA,NA,-6.35,0.78,0,-1,-19.08
RIBA_029,Fish,N,Ballan,Labriformes,Labridae,Labrus_bergylta,Dorset,LB_Dorset,NA,2021,Lauren_Henley,68.61,17,NA,NA,NA,-5.13,1.26,0,-1,-19.1
RIBA_022,Fish,N,Ballan,Labriformes,Labridae,Labrus_bergylta,Dorset,LB_Dorset,NA,2021,Lauren_Henley,90.01,18.5,NA,NA,NA,-5.28,1.33,0,-1,-19.94
RIBA_018,Fish,N,Ballan,Labriformes,Labridae,Labrus_bergylta,Dorset,LB_Dorset,NA,2021,Lauren_Henley,98.06,19,NA,NA,NA,-4.31,1.31,0,-1,-18.5
RIBA_030,Fish,N,Ballan,Labriformes,Labridae,Labrus_bergylta,Dorset,LB_Dorset,NA,2021,Lauren_Henley,98.06,19,NA,NA,NA,-5.9,1.25,0,-1,-19.66
RIBA_031,Fish,N,Ballan,Labriformes,Labridae,Labrus_bergylta,Dorset,LB_Dorset,NA,2021,Lauren_Henley,115.62,20,NA,NA,NA,-5.87,1.18,0,-1,-20.06
RIBA_032,Fish,N,Ballan,Labriformes,Labridae,Labrus_bergylta,Dorset,LB_Dorset,NA,2021,Lauren_Henley,115.62,20,NA,NA,NA,-5.47,1.32,0,-1,-20.06
RIBA_026,Fish,N,Ballan,Labriformes,Labridae,Labrus_bergylta,Dorset,LB_Dorset,NA,2021,Lauren_Henley,135.22,21,NA,NA,NA,-5.46,0.97,0,-1,-20.43
RIBA_021,Fish,N,Ballan,Labriformes,Labridae,Labrus_bergylta,Dorset,LB_Dorset,NA,2021,Lauren_Henley,157.01,22,NA,NA,NA,-5.17,1.39,0,-1,-19.68
RIBA_028,Fish,N,Ballan,Labriformes,Labridae,Labrus_bergylta,Dorset,LB_Dorset,NA,2021,Lauren_Henley,157.01,22,NA,NA,NA,-5.08,1.36,0,-1,-20.05
RIBA_034,Fish,N,Ballan,Labriformes,Labridae,Labrus_bergylta,Dorset,LB_Dorset,NA,2021,Lauren_Henley,168.75,22.5,NA,NA,NA,-4.82878914,1.418169934,0,-1,-19.28
RIBA_020,Fish,N,Ballan,Labriformes,Labridae,Labrus_bergylta,Dorset,LB_Dorset,NA,2021,Lauren_Henley,340.56,28,NA,NA,NA,-4.08,1.54,0,-1,-19.2
RIBA_023,Fish,N,Ballan,Labriformes,Labridae,Labrus_bergylta,Dorset,LB_Dorset,NA,2021,Lauren_Henley,381.17,29,NA,NA,NA,-4.69,1.32,0,-1,-19.57
RIBA_027,Fish,N,Ballan,Labriformes,Labridae,Labrus_bergylta,Dorset,LB_Dorset,NA,2021,Lauren_Henley,425,30,NA,NA,NA,-4.07,1.46,0,-1,-19.22
RIBA_019,Fish,N,Ballan,Labriformes,Labridae,Labrus_bergylta,Dorset,LB_Dorset,NA,2021,Lauren_Henley,472.19,31,NA,NA,NA,-3.89,1.67,0,-1,-19.34
SWBA_017,Fish,N,Ballan,Labriformes,Labridae,Labrus_bergylta,Dorset,LB_Dorset,NA,2021,Lauren_Henley,62.34,16.5,NA,NA,NA,-5.2,1.1,0,-1,-19.25
SWBA_001,Fish,N,Ballan,Labriformes,Labridae,Labrus_bergylta,Dorset,LB_Dorset,NA,2021,Lauren_Henley,285.37,26.5,NA,NA,NA,-3.838995998,1.484077723,0,-1,-18.34
SWBA_019,Fish,N,Ballan,Labriformes,Labridae,Labrus_bergylta,Dorset,LB_Dorset,NA,2021,Lauren_Henley,665.7,34.5,NA,NA,NA,-2.499509442,1.760690714,0,-1,-18.78
RICK_011,Fish,N,Cuckoo,Labriformes,Labridae,Labrus_mixtus,Dorset,LM_Dorset,NA,2021,Lauren_Henley,16.24148663,12,NA,NA,NA,-5.47,0.63,0,-1,-18.41
RICK_012,Fish,N,Cuckoo,Labriformes,Labridae,Labrus_mixtus,Dorset,LM_Dorset,NA,2021,Lauren_Henley,16.24148663,12,NA,NA,NA,-5.45,0.92,0,-1,-18.55
RICK_013,Fish,N,Cuckoo,Labriformes,Labridae,Labrus_mixtus,Dorset,LM_Dorset,NA,2021,Lauren_Henley,16.24148663,12,NA,NA,NA,-5.30208109,0.843973291,0,-1,-18.98
RICK_014,Fish,N,Cuckoo,Labriformes,Labridae,Labrus_mixtus,Dorset,LM_Dorset,NA,2021,Lauren_Henley,16.24148663,12,NA,NA,NA,-5.71,0.94,0,-1,-18.78
RICK_002,Fish,N,Cuckoo,Labriformes,Labridae,Labrus_mixtus,Dorset,LM_Dorset,NA,2021,Lauren_Henley,21.07374268,13,NA,NA,NA,-5.07,0.79,0,-1,-18.78
RICK_010,Fish,N,Cuckoo,Labriformes,Labridae,Labrus_mixtus,Dorset,LM_Dorset,NA,2021,Lauren_Henley,21.07374268,13,NA,NA,NA,-4.78,1.07,0,-1,-18.34
RICK_007,Fish,N,Cuckoo,Labriformes,Labridae,Labrus_mixtus,Dorset,LM_Dorset,NA,2021,Lauren_Henley,41.41678923,16,NA,NA,NA,-4.43,1.36,0,-1,-18.5
RICK_009,Fish,N,Cuckoo,Labriformes,Labridae,Labrus_mixtus,Dorset,LM_Dorset,NA,2021,Lauren_Henley,60.76125507,18,NA,NA,NA,-4,1.38,0,-1,-18.05
RICK_006,Fish,N,Cuckoo,Labriformes,Labridae,Labrus_mixtus,Dorset,LM_Dorset,NA,2021,Lauren_Henley,72.44930469,19,NA,NA,NA,-3.09,1.59,0,-1,-18.21
RICK_005,Fish,N,Cuckoo,Labriformes,Labridae,Labrus_mixtus,Dorset,LM_Dorset,NA,2021,Lauren_Henley,85.60943094,20,NA,NA,NA,-3.3,1.65,0,-1,-18.77
RICK_008,Fish,N,Cuckoo,Labriformes,Labridae,Labrus_mixtus,Dorset,LM_Dorset,NA,2021,Lauren_Henley,85.60943094,20,NA,NA,NA,-3.38,1.64,0,-1,-18.5
RICK_001,Fish,N,Cuckoo,Labriformes,Labridae,Labrus_mixtus,Dorset,LM_Dorset,NA,2021,Lauren_Henley,100.3394207,21,NA,NA,NA,-4.3,1.6,0,-1,-18.65
RICK_004,Fish,N,Cuckoo,Labriformes,Labridae,Labrus_mixtus,Dorset,LM_Dorset,NA,2021,Lauren_Henley,154.9449353,24,NA,NA,NA,-3.07,1.61,0,-1,-18.21
RICK_003,Fish,N,Cuckoo,Labriformes,Labridae,Labrus_mixtus,Dorset,LM_Dorset,NA,2021,Lauren_Henley,176.9566111,25,NA,NA,NA,-2.83,1.68,0,-1,-18.46
SCCW_001,Fish,N,Corkwing,Labriformes,Labridae,Symphodus_melops,Dorset,SM_Dorset,NA,2021,Lauren_Henley,89.07,17,NA,NA,NA,-5.31,0.73,0,-1,-18.06
SECW_001,Fish,N,Corkwing,Labriformes,Labridae,Symphodus_melops,Dorset,SM_Dorset,NA,2021,Lauren_Henley,73.5,16,NA,NA,NA,-5.4,1,0,-1,-18.42
SPCW_001,Fish,N,Corkwing,Labriformes,Labridae,Symphodus_melops,Dorset,SM_Dorset,NA,2021,Lauren_Henley,126.73,19,NA,NA,NA,-4.82,1.09,0,-1,-19.19
SPCW_004,Fish,N,Corkwing,Labriformes,Labridae,Symphodus_melops,Dorset,SM_Dorset,NA,2021,Lauren_Henley,126.73,19,NA,NA,NA,-5.344290515,0.956536426,0,-1,-19.3
SPCW_002,Fish,N,Corkwing,Labriformes,Labridae,Symphodus_melops,Dorset,SM_Dorset,NA,2021,Lauren_Henley,201.7,22,NA,NA,NA,-4.58,0.97,0,-1,-19.32
RICW_021,Fish,N,Corkwing,Labriformes,Labridae,Symphodus_melops,Dorset,SM_Dorset,NA,2021,Lauren_Henley,11.86,9,NA,NA,NA,-7.69,0.3,0,-1,-19.78
RICW_041,Fish,N,Corkwing,Labriformes,Labridae,Symphodus_melops,Dorset,SM_Dorset,NA,2021,Lauren_Henley,11.86,9,NA,NA,NA,-7.78,0.38,0,-1,-19.77
RICW_002,Fish,N,Corkwing,Labriformes,Labridae,Symphodus_melops,Dorset,SM_Dorset,NA,2021,Lauren_Henley,16.57,10,NA,NA,NA,-7.35,0.28,0,-1,-18.92
RICW_007,Fish,N,Corkwing,Labriformes,Labridae,Symphodus_melops,Dorset,SM_Dorset,NA,2021,Lauren_Henley,16.57,10,NA,NA,NA,-7.952259226,-0.232862568,0,-1,-19.17
RICW_009,Fish,N,Corkwing,Labriformes,Labridae,Symphodus_melops,Dorset,SM_Dorset,NA,2021,Lauren_Henley,16.57,10,NA,NA,NA,-8.01,0.22,0,-1,-20.28
RICW_017,Fish,N,Corkwing,Labriformes,Labridae,Symphodus_melops,Dorset,SM_Dorset,NA,2021,Lauren_Henley,16.57,10,NA,NA,NA,-6.339831439,0.884651421,0,-1,-20.5
RICW_001,Fish,N,Corkwing,Labriformes,Labridae,Symphodus_melops,Dorset,SM_Dorset,NA,2021,Lauren_Henley,19.34,10.5,NA,NA,NA,-7.16,0.38,0,-1,-19.34
RICW_004,Fish,N,Corkwing,Labriformes,Labridae,Symphodus_melops,Dorset,SM_Dorset,NA,2021,Lauren_Henley,19.34,10.5,NA,NA,NA,-7.07,0.54,0,-1,-19.48
RICW_006,Fish,N,Corkwing,Labriformes,Labridae,Symphodus_melops,Dorset,SM_Dorset,NA,2021,Lauren_Henley,19.34,10.5,NA,NA,NA,-7.388853826,0.349255748,0,-1,-19.37
RICW_008,Fish,N,Corkwing,Labriformes,Labridae,Symphodus_melops,Dorset,SM_Dorset,NA,2021,Lauren_Henley,22.41,11,NA,NA,NA,-6.53,0.68,0,-1,-19.11
RICW_023,Fish,N,Corkwing,Labriformes,Labridae,Symphodus_melops,Dorset,SM_Dorset,NA,2021,Lauren_Henley,22.41,11,NA,NA,NA,-7.81,0.18,0,-1,-19.22
RICW_026,Fish,N,Corkwing,Labriformes,Labridae,Symphodus_melops,Dorset,SM_Dorset,NA,2021,Lauren_Henley,22.41,11,NA,NA,NA,-5.450268478,1.029758659,0,-1,-19.96
RICW_010,Fish,N,Corkwing,Labriformes,Labridae,Symphodus_melops,Dorset,SM_Dorset,NA,2021,Lauren_Henley,29.53,12,NA,NA,NA,-7.75,0.37,0,-1,-19.81
RICW_013,Fish,N,Corkwing,Labriformes,Labridae,Symphodus_melops,Dorset,SM_Dorset,NA,2021,Lauren_Henley,29.53,12,NA,NA,NA,-6.404971699,0.952535084,0,-1,-20.08
RICW_020,Fish,N,Corkwing,Labriformes,Labridae,Symphodus_melops,Dorset,SM_Dorset,NA,2021,Lauren_Henley,29.53,12,NA,NA,NA,-6.4,0.97,0,-1,-19.59
RICW_027,Fish,N,Corkwing,Labriformes,Labridae,Symphodus_melops,Dorset,SM_Dorset,NA,2021,Lauren_Henley,29.53,12,NA,NA,NA,-7.161197916,0.846623317,0,-1,-21.21
RICW_028,Fish,N,Corkwing,Labriformes,Labridae,Symphodus_melops,Dorset,SM_Dorset,NA,2021,Lauren_Henley,33.61,12.5,NA,NA,NA,-7.17,0.76,0,-1,-20.02
RICW_022,Fish,N,Corkwing,Labriformes,Labridae,Symphodus_melops,Dorset,SM_Dorset,NA,2021,Lauren_Henley,38.06,13,NA,NA,NA,-5.1,1.35,0,-1,-19.6
RICW_029,Fish,N,Corkwing,Labriformes,Labridae,Symphodus_melops,Dorset,SM_Dorset,NA,2021,Lauren_Henley,38.06,13,NA,NA,NA,-5.75,1.29,0,-1,-20.42
RICW_005,Fish,N,Corkwing,Labriformes,Labridae,Symphodus_melops,Dorset,SM_Dorset,NA,2021,Lauren_Henley,42.89,13.5,NA,NA,NA,-6.9,0.43,0,-1,-20.72
RICW_011,Fish,N,Corkwing,Labriformes,Labridae,Symphodus_melops,Dorset,SM_Dorset,NA,2021,Lauren_Henley,42.89,13.5,NA,NA,NA,-5.28,1.03,0,-1,-20.14
RICW_019,Fish,N,Corkwing,Labriformes,Labridae,Symphodus_melops,Dorset,SM_Dorset,NA,2021,Lauren_Henley,42.89,13.5,NA,NA,NA,-7.85272611,0.57840958,0,-1,-20.09
RICW_003,Fish,N,Corkwing,Labriformes,Labridae,Symphodus_melops,Dorset,SM_Dorset,NA,2021,Lauren_Henley,48.13,14,NA,NA,NA,-5.75,0.94,0,-1,-20.75
RICW_014,Fish,N,Corkwing,Labriformes,Labridae,Symphodus_melops,Dorset,SM_Dorset,NA,2021,Lauren_Henley,48.13,14,NA,NA,NA,-5.47,1.11,0,-1,-19.8
RICW_012,Fish,N,Corkwing,Labriformes,Labridae,Symphodus_melops,Dorset,SM_Dorset,NA,2021,Lauren_Henley,59.9,15,NA,NA,NA,-5.41,1.13,0,-1,-20.33
RICW_016,Fish,N,Corkwing,Labriformes,Labridae,Symphodus_melops,Dorset,SM_Dorset,NA,2021,Lauren_Henley,59.9,15,NA,NA,NA,-6.79,0.81,0,-1,-20.93
RICW_018,Fish,N,Corkwing,Labriformes,Labridae,Symphodus_melops,Dorset,SM_Dorset,NA,2021,Lauren_Henley,59.9,15,NA,NA,NA,-5.98,1.32,0,-1,-20.34
RIBS_001,,,Baillon's,Labriformes,Labridae,Symphodus_bailloni,Dorset,S_ba_Dorset,Ringstead,2021,Lauren_Henley,39.86104479,13.5,NA,NA,NA,-7.59,0.01,0,-1,-19.1
RIBS_002,,,Baillon's,Labriformes,Labridae,Symphodus_bailloni,Dorset,S_ba_Dorset,Ringstead,2021,Lauren_Henley,24.57293787,11.5,NA,NA,NA,-8.08,0.08,0,-1,-19.1
RIBS_003,,,Baillon's,Labriformes,Labridae,Symphodus_bailloni,Dorset,S_ba_Dorset,Ringstead,2021,Lauren_Henley,35.57122258,13,NA,NA,NA,-7.89,0.06,0,-1,-19.4
RIBS_004,,,Baillon's,Labriformes,Labridae,Symphodus_bailloni,Dorset,S_ba_Dorset,Ringstead,2021,Lauren_Henley,44.48360563,14,NA,NA,NA,-7.37,0.27,0,-1,-19.8
RIBS_005,,,Baillon's,Labriformes,Labridae,Symphodus_bailloni,Dorset,S_ba_Dorset,Ringstead,2021,Lauren_Henley,44.48360563,14,NA,NA,NA,-7.57,-0.23,0,-1,-17.4
RIBS_006,,,Baillon's,Labriformes,Labridae,Symphodus_bailloni,Dorset,S_ba_Dorset,Ringstead,2021,Lauren_Henley,44.48360563,14,NA,NA,NA,-7.2,0.36,0,-1,-19.8
RIBS_007,,,Baillon's,Labriformes,Labridae,Symphodus_bailloni,Dorset,S_ba_Dorset,Ringstead,2021,Lauren_Henley,35.57122258,13,NA,NA,NA,-8.34,-0.05,0,-1,-19.5
RIBS_008,,,Baillon's,Labriformes,Labridae,Symphodus_bailloni,Dorset,S_ba_Dorset,Ringstead,2021,Lauren_Henley,27.93968578,12,NA,NA,NA,-7.22,-0.3,0,-1,-18.4
RIBS_009,,,Baillon's,Labriformes,Labridae,Symphodus_bailloni,Dorset,S_ba_Dorset,Ringstead,2021,Lauren_Henley,35.57122258,13,NA,NA,NA,-7.37,0.11,0,-1,-18.2
RIBS_010,,,Baillon's,Labriformes,Labridae,Symphodus_bailloni,Dorset,S_ba_Dorset,Ringstead,2021,Lauren_Henley,111.77156,19,NA,NA,NA,-5.41,0.82,0,-1,-19.7
RIBS_011,,,Baillon's,Labriformes,Labridae,Symphodus_bailloni,Dorset,S_ba_Dorset,Ringstead,2021,Lauren_Henley,35.57122258,13,NA,NA,NA,-8.480472672,-0.141647729,0,-1,-18.8
RIBS_012,,,Baillon's,Labriformes,Labridae,Symphodus_bailloni,Dorset,S_ba_Dorset,Ringstead,2021,Lauren_Henley,73.02654565,16.5,NA,NA,NA,-6.41,0.49,0,-1,-19.9
RIBS_013,,,Baillon's,Labriformes,Labridae,Symphodus_bailloni,Dorset,S_ba_Dorset,Ringstead,2021,Lauren_Henley,35.57122258,13,NA,NA,NA,-7.23,0.4,0,-1,-19.6